<?xml version="1.0" encoding="UTF-8"?>
<project-private xmlns="http://www.netbeans.org/ns/project-private/1">
    <editor-bookmarks xmlns="http://www.netbeans.org/ns/editor-bookmarks/2" lastBookmarkId="0"/>
    <open-files xmlns="http://www.netbeans.org/ns/projectui-open-files/2">
        <group>
            <file>file:/C:/Dev/Tutorial%20Java/WebApplication1/web/signup.jsp</file>
            <file>file:/C:/Dev/Tutorial%20Java/WebApplication1/web/table.jsp</file>
            <file>file:/C:/Dev/Tutorial%20Java/WebApplication1/web/edit.jsp</file>
            <file>file:/C:/Dev/Tutorial%20Java/WebApplication1/web/login1.jsp</file>
            <file>file:/C:/Dev/Tutorial%20Java/WebApplication1/web/edit.html</file>
            <file>file:/C:/Dev/Tutorial%20Java/WebApplication1/web/login.jsp</file>
            <file>file:/C:/Dev/Tutorial%20Java/WebApplication1/web/index.html</file>
            <file>file:/C:/Dev/Tutorial%20Java/WebApplication1/web/user.jsp</file>
            <file>file:/C:/Dev/Tutorial%20Java/WebApplication1/web/index2.html</file>
            <file>file:/C:/Dev/Tutorial%20Java/WebApplication1/web/login1.html</file>
            <file>file:/C:/Dev/Tutorial%20Java/WebApplication1/web/delete.jsp</file>
        </group>
    </open-files>
</project-private>
